month,quarter,A1_autonomous,A2_llm_embedded,core_A1A2,core_cumulative,B_ai_assisted,in_scope_total,corpus_items,note
202306,2023Q2,0,0,0,0,0,0,128,
202307,2023Q3,0,0,0,0,0,0,213,
202308,2023Q3,0,0,0,0,0,0,269,
202309,2023Q3,0,0,0,0,0,0,244,
202310,2023Q4,0,0,0,0,0,0,273,
202311,2023Q4,0,0,0,0,0,0,263,
202312,2023Q4,0,0,0,0,0,0,236,
202401,2024Q1,0,0,0,0,0,0,249,
202402,2024Q1,0,0,0,0,2,2,249,
202403,2024Q1,0,0,0,0,0,0,244,
202404,2024Q2,0,0,0,0,1,1,220,
202405,2024Q2,0,0,0,0,1,1,228,
202406,2024Q2,0,0,0,0,0,0,228,
202407,2024Q3,0,0,0,0,0,0,205,
202408,2024Q3,0,0,0,0,0,0,216,
202409,2024Q3,0,0,0,0,1,1,174,
202410,2024Q4,0,0,0,0,1,1,195,
202411,2024Q4,0,0,0,0,0,0,188,
202412,2024Q4,0,0,0,0,0,0,159,
202501,2025Q1,0,0,0,0,2,2,190,
202502,2025Q1,0,0,0,0,2,2,182,
202503,2025Q1,0,0,0,0,0,0,200,
202504,2025Q2,0,0,0,0,0,0,186,
202505,2025Q2,0,0,0,0,0,0,189,
202506,2025Q2,0,0,0,0,1,1,206,
202507,2025Q3,0,1,1,1,1,2,202,
202508,2025Q3,0,0,0,1,1,1,185,
202509,2025Q3,1,1,2,3,1,3,194,
202510,2025Q4,0,0,0,3,0,0,202,
202511,2025Q4,1,1,2,5,3,5,201,
202512,2025Q4,0,0,0,5,0,0,207,
202601,2026Q1,0,0,0,5,2,2,210,
202602,2026Q1,0,1,1,6,2,3,203,
202603,2026Q1,1,0,1,7,2,3,227,
202604,2026Q2,0,0,0,7,2,2,236,
202605,2026Q2,1,0,1,8,4,5,255,
202606,2026Q2,0,0,0,8,3,3,273,
202607,2026Q3,5,0,5,13,1,6,280,
202608,2026Q3,2,1,3,16,1,4,286,
202609,2026Q3,8,2,10,26,0,10,309,
202610,2026Q4,1,0,1,27,0,1,61,部分月(10/1-10/7)
