month,quarter,A1_autonomous,A2_llm_embedded,core_total,B_ai_assisted,C_tooling,offensive_total,corpus_items
202306,2023Q2,0,0,0,0,0,0,128
202307,2023Q3,0,0,0,1,3,4,213
202308,2023Q3,0,0,0,0,3,3,269
202309,2023Q3,0,0,0,0,1,1,244
202310,2023Q4,0,0,0,2,0,2,273
202311,2023Q4,0,0,0,0,0,0,263
202312,2023Q4,0,0,0,0,0,0,236
202401,2024Q1,0,0,0,1,0,1,249
202402,2024Q1,1,0,1,3,0,4,249
202403,2024Q1,0,0,0,1,1,2,244
202404,2024Q2,0,0,0,1,0,1,220
202405,2024Q2,0,0,0,1,0,1,228
202406,2024Q2,0,0,0,0,0,0,228
202407,2024Q3,0,0,0,1,1,2,205
202408,2024Q3,0,0,0,0,0,0,216
202409,2024Q3,0,0,0,1,0,1,174
202410,2024Q4,0,0,0,2,0,2,195
202411,2024Q4,1,0,1,1,0,2,188
202412,2024Q4,0,0,0,2,0,2,159
202501,2025Q1,0,0,0,2,0,2,190
202502,2025Q1,0,0,0,2,0,2,182
202503,2025Q1,1,0,1,1,0,2,200
202504,2025Q2,0,1,1,0,0,1,186
202505,2025Q2,0,0,0,0,0,0,189
202506,2025Q2,0,0,0,1,1,2,206
202507,2025Q3,1,1,2,1,0,3,202
202508,2025Q3,1,1,2,0,0,2,185
202509,2025Q3,1,2,3,2,1,6,194
202510,2025Q4,0,0,0,0,1,1,202
202511,2025Q4,1,1,2,3,2,7,201
202512,2025Q4,0,0,0,1,1,2,207
202601,2026Q1,0,0,0,2,0,2,210
202602,2026Q1,0,1,1,4,0,5,203
202603,2026Q1,2,0,2,2,0,4,227
202604,2026Q2,1,0,1,4,0,5,236
202605,2026Q2,1,0,1,4,1,6,255
202606,2026Q2,0,0,0,5,2,7,273
202607,2026Q3,7,0,7,1,1,9,280
202608,2026Q3,7,1,8,3,0,11,286
202609,2026Q3,14,3,17,0,1,18,309
202610,2026Q4,2,0,2,0,0,2,61
